,Id,Credit Default
0,7500,0
1,7501,0
2,7502,1
3,7503,0
4,7504,0
5,7505,0
6,7506,0
7,7507,0
8,7508,0
9,7509,0
10,7510,0
11,7511,0
12,7512,1
13,7513,0
14,7514,0
15,7515,0
16,7516,0
17,7517,0
18,7518,0
19,7519,0
20,7520,0
21,7521,0
22,7522,0
23,7523,0
24,7524,0
25,7525,0
26,7526,0
27,7527,0
28,7528,0
29,7529,0
30,7530,0
31,7531,0
32,7532,0
33,7533,0
34,7534,0
35,7535,0
36,7536,0
37,7537,0
38,7538,0
39,7539,0
40,7540,0
41,7541,1
42,7542,1
43,7543,0
44,7544,0
45,7545,0
46,7546,0
47,7547,0
48,7548,0
49,7549,0
50,7550,0
51,7551,0
52,7552,0
53,7553,0
54,7554,1
55,7555,0
56,7556,0
57,7557,0
58,7558,1
59,7559,0
60,7560,0
61,7561,0
62,7562,0
63,7563,0
64,7564,0
65,7565,0
66,7566,0
67,7567,0
68,7568,0
69,7569,0
70,7570,0
71,7571,0
72,7572,0
73,7573,0
74,7574,1
75,7575,0
76,7576,0
77,7577,0
78,7578,0
79,7579,0
80,7580,0
81,7581,0
82,7582,0
83,7583,0
84,7584,0
85,7585,0
86,7586,1
87,7587,1
88,7588,0
89,7589,0
90,7590,0
91,7591,0
92,7592,0
93,7593,0
94,7594,0
95,7595,0
96,7596,0
97,7597,0
98,7598,0
99,7599,0
100,7600,0
101,7601,0
102,7602,0
103,7603,0
104,7604,0
105,7605,0
106,7606,0
107,7607,0
108,7608,0
109,7609,0
110,7610,0
111,7611,0
112,7612,0
113,7613,0
114,7614,0
115,7615,0
116,7616,0
117,7617,0
118,7618,0
119,7619,0
120,7620,0
121,7621,0
122,7622,0
123,7623,0
124,7624,0
125,7625,0
126,7626,1
127,7627,0
128,7628,0
129,7629,0
130,7630,0
131,7631,0
132,7632,0
133,7633,0
134,7634,1
135,7635,0
136,7636,0
137,7637,0
138,7638,0
139,7639,0
140,7640,0
141,7641,0
142,7642,0
143,7643,0
144,7644,0
145,7645,0
146,7646,0
147,7647,0
148,7648,0
149,7649,1
150,7650,0
151,7651,0
152,7652,0
153,7653,0
154,7654,0
155,7655,0
156,7656,0
157,7657,0
158,7658,0
159,7659,0
160,7660,0
161,7661,0
162,7662,0
163,7663,0
164,7664,1
165,7665,0
166,7666,0
167,7667,0
168,7668,0
169,7669,0
170,7670,0
171,7671,0
172,7672,0
173,7673,0
174,7674,1
175,7675,0
176,7676,0
177,7677,0
178,7678,0
179,7679,0
180,7680,0
181,7681,0
182,7682,0
183,7683,0
184,7684,0
185,7685,0
186,7686,0
187,7687,0
188,7688,0
189,7689,0
190,7690,0
191,7691,0
192,7692,0
193,7693,0
194,7694,0
195,7695,0
196,7696,0
197,7697,0
198,7698,0
199,7699,0
200,7700,0
201,7701,0
202,7702,0
203,7703,0
204,7704,0
205,7705,0
206,7706,0
207,7707,1
208,7708,0
209,7709,0
210,7710,0
211,7711,0
212,7712,0
213,7713,1
214,7714,0
215,7715,0
216,7716,0
217,7717,0
218,7718,0
219,7719,0
220,7720,0
221,7721,1
222,7722,0
223,7723,0
224,7724,1
225,7725,0
226,7726,1
227,7727,1
228,7728,0
229,7729,0
230,7730,0
231,7731,0
232,7732,0
233,7733,0
234,7734,0
235,7735,0
236,7736,0
237,7737,0
238,7738,0
239,7739,0
240,7740,0
241,7741,0
242,7742,0
243,7743,0
244,7744,0
245,7745,0
246,7746,0
247,7747,0
248,7748,1
249,7749,0
250,7750,0
251,7751,0
252,7752,0
253,7753,0
254,7754,0
255,7755,0
256,7756,0
257,7757,0
258,7758,0
259,7759,0
260,7760,0
261,7761,0
262,7762,0
263,7763,0
264,7764,0
265,7765,0
266,7766,0
267,7767,1
268,7768,0
269,7769,0
270,7770,0
271,7771,0
272,7772,0
273,7773,0
274,7774,0
275,7775,0
276,7776,0
277,7777,0
278,7778,0
279,7779,0
280,7780,0
281,7781,0
282,7782,0
283,7783,0
284,7784,0
285,7785,0
286,7786,0
287,7787,0
288,7788,0
289,7789,0
290,7790,0
291,7791,0
292,7792,0
293,7793,0
294,7794,0
295,7795,0
296,7796,0
297,7797,0
298,7798,0
299,7799,0
300,7800,0
301,7801,0
302,7802,1
303,7803,0
304,7804,0
305,7805,0
306,7806,0
307,7807,0
308,7808,0
309,7809,0
310,7810,0
311,7811,0
312,7812,0
313,7813,0
314,7814,0
315,7815,1
316,7816,0
317,7817,0
318,7818,0
319,7819,0
320,7820,0
321,7821,0
322,7822,0
323,7823,0
324,7824,0
325,7825,0
326,7826,0
327,7827,0
328,7828,0
329,7829,0
330,7830,0
331,7831,0
332,7832,0
333,7833,0
334,7834,0
335,7835,0
336,7836,0
337,7837,0
338,7838,0
339,7839,0
340,7840,0
341,7841,0
342,7842,0
343,7843,0
344,7844,0
345,7845,0
346,7846,0
347,7847,0
348,7848,0
349,7849,0
350,7850,0
351,7851,0
352,7852,0
353,7853,0
354,7854,0
355,7855,0
356,7856,0
357,7857,0
358,7858,0
359,7859,0
360,7860,0
361,7861,0
362,7862,0
363,7863,0
364,7864,0
365,7865,0
366,7866,1
367,7867,0
368,7868,0
369,7869,0
370,7870,0
371,7871,0
372,7872,0
373,7873,0
374,7874,0
375,7875,0
376,7876,0
377,7877,0
378,7878,0
379,7879,0
380,7880,0
381,7881,1
382,7882,0
383,7883,0
384,7884,0
385,7885,0
386,7886,0
387,7887,0
388,7888,0
389,7889,0
390,7890,0
391,7891,0
392,7892,1
393,7893,0
394,7894,0
395,7895,0
396,7896,0
397,7897,0
398,7898,0
399,7899,0
400,7900,0
401,7901,0
402,7902,0
403,7903,0
404,7904,0
405,7905,0
406,7906,0
407,7907,0
408,7908,0
409,7909,0
410,7910,0
411,7911,0
412,7912,0
413,7913,1
414,7914,0
415,7915,0
416,7916,0
417,7917,0
418,7918,0
419,7919,0
420,7920,0
421,7921,0
422,7922,0
423,7923,0
424,7924,0
425,7925,0
426,7926,0
427,7927,0
428,7928,0
429,7929,0
430,7930,0
431,7931,0
432,7932,0
433,7933,0
434,7934,0
435,7935,0
436,7936,0
437,7937,0
438,7938,0
439,7939,0
440,7940,0
441,7941,1
442,7942,0
443,7943,0
444,7944,0
445,7945,0
446,7946,0
447,7947,0
448,7948,1
449,7949,0
450,7950,0
451,7951,0
452,7952,0
453,7953,0
454,7954,0
455,7955,0
456,7956,0
457,7957,0
458,7958,1
459,7959,0
460,7960,0
461,7961,0
462,7962,0
463,7963,0
464,7964,0
465,7965,0
466,7966,0
467,7967,0
468,7968,0
469,7969,0
470,7970,0
471,7971,0
472,7972,0
473,7973,0
474,7974,0
475,7975,0
476,7976,0
477,7977,0
478,7978,0
479,7979,0
480,7980,0
481,7981,0
482,7982,0
483,7983,0
484,7984,0
485,7985,0
486,7986,0
487,7987,0
488,7988,0
489,7989,0
490,7990,0
491,7991,0
492,7992,0
493,7993,0
494,7994,0
495,7995,0
496,7996,0
497,7997,0
498,7998,0
499,7999,0
500,8000,0
501,8001,0
502,8002,0
503,8003,0
504,8004,0
505,8005,0
506,8006,0
507,8007,1
508,8008,0
509,8009,0
510,8010,0
511,8011,0
512,8012,0
513,8013,0
514,8014,0
515,8015,0
516,8016,0
517,8017,0
518,8018,0
519,8019,0
520,8020,0
521,8021,0
522,8022,0
523,8023,0
524,8024,0
525,8025,1
526,8026,0
527,8027,0
528,8028,1
529,8029,0
530,8030,0
531,8031,1
532,8032,0
533,8033,0
534,8034,0
535,8035,0
536,8036,0
537,8037,0
538,8038,0
539,8039,0
540,8040,0
541,8041,0
542,8042,0
543,8043,0
544,8044,0
545,8045,0
546,8046,0
547,8047,0
548,8048,0
549,8049,0
550,8050,0
551,8051,0
552,8052,0
553,8053,0
554,8054,0
555,8055,0
556,8056,0
557,8057,0
558,8058,0
559,8059,1
560,8060,0
561,8061,0
562,8062,0
563,8063,0
564,8064,0
565,8065,0
566,8066,0
567,8067,0
568,8068,0
569,8069,0
570,8070,0
571,8071,0
572,8072,0
573,8073,1
574,8074,0
575,8075,0
576,8076,0
577,8077,0
578,8078,0
579,8079,0
580,8080,0
581,8081,0
582,8082,0
583,8083,0
584,8084,0
585,8085,1
586,8086,0
587,8087,0
588,8088,0
589,8089,0
590,8090,0
591,8091,0
592,8092,1
593,8093,0
594,8094,0
595,8095,1
596,8096,0
597,8097,0
598,8098,0
599,8099,0
600,8100,0
601,8101,0
602,8102,0
603,8103,0
604,8104,0
605,8105,1
606,8106,0
607,8107,0
608,8108,0
609,8109,0
610,8110,0
611,8111,1
612,8112,0
613,8113,0
614,8114,0
615,8115,0
616,8116,0
617,8117,0
618,8118,1
619,8119,0
620,8120,0
621,8121,0
622,8122,0
623,8123,0
624,8124,0
625,8125,0
626,8126,0
627,8127,0
628,8128,0
629,8129,0
630,8130,1
631,8131,0
632,8132,0
633,8133,0
634,8134,0
635,8135,0
636,8136,1
637,8137,0
638,8138,0
639,8139,0
640,8140,0
641,8141,0
642,8142,0
643,8143,0
644,8144,0
645,8145,0
646,8146,0
647,8147,0
648,8148,0
649,8149,0
650,8150,0
651,8151,0
652,8152,0
653,8153,0
654,8154,0
655,8155,0
656,8156,0
657,8157,0
658,8158,0
659,8159,0
660,8160,0
661,8161,0
662,8162,0
663,8163,0
664,8164,0
665,8165,0
666,8166,1
667,8167,1
668,8168,0
669,8169,0
670,8170,0
671,8171,0
672,8172,1
673,8173,0
674,8174,0
675,8175,0
676,8176,0
677,8177,0
678,8178,0
679,8179,0
680,8180,0
681,8181,1
682,8182,0
683,8183,0
684,8184,0
685,8185,0
686,8186,0
687,8187,0
688,8188,0
689,8189,0
690,8190,0
691,8191,0
692,8192,1
693,8193,0
694,8194,0
695,8195,0
696,8196,1
697,8197,0
698,8198,0
699,8199,0
700,8200,0
701,8201,0
702,8202,0
703,8203,0
704,8204,1
705,8205,0
706,8206,0
707,8207,0
708,8208,0
709,8209,0
710,8210,0
711,8211,0
712,8212,1
713,8213,0
714,8214,0
715,8215,0
716,8216,0
717,8217,0
718,8218,0
719,8219,0
720,8220,0
721,8221,0
722,8222,0
723,8223,1
724,8224,0
725,8225,0
726,8226,0
727,8227,0
728,8228,0
729,8229,0
730,8230,0
731,8231,0
732,8232,0
733,8233,0
734,8234,0
735,8235,0
736,8236,0
737,8237,0
738,8238,0
739,8239,0
740,8240,0
741,8241,0
742,8242,0
743,8243,0
744,8244,0
745,8245,0
746,8246,1
747,8247,0
748,8248,0
749,8249,0
750,8250,0
751,8251,0
752,8252,0
753,8253,1
754,8254,0
755,8255,0
756,8256,0
757,8257,1
758,8258,0
759,8259,1
760,8260,0
761,8261,0
762,8262,0
763,8263,0
764,8264,0
765,8265,0
766,8266,0
767,8267,0
768,8268,0
769,8269,0
770,8270,0
771,8271,0
772,8272,0
773,8273,0
774,8274,0
775,8275,0
776,8276,0
777,8277,0
778,8278,0
779,8279,0
780,8280,0
781,8281,0
782,8282,0
783,8283,0
784,8284,0
785,8285,0
786,8286,0
787,8287,1
788,8288,0
789,8289,0
790,8290,0
791,8291,0
792,8292,0
793,8293,0
794,8294,0
795,8295,1
796,8296,0
797,8297,0
798,8298,0
799,8299,0
800,8300,0
801,8301,0
802,8302,1
803,8303,1
804,8304,0
805,8305,0
806,8306,0
807,8307,0
808,8308,0
809,8309,0
810,8310,0
811,8311,0
812,8312,0
813,8313,0
814,8314,0
815,8315,0
816,8316,0
817,8317,0
818,8318,0
819,8319,0
820,8320,0
821,8321,0
822,8322,0
823,8323,0
824,8324,1
825,8325,0
826,8326,0
827,8327,0
828,8328,0
829,8329,0
830,8330,0
831,8331,1
832,8332,0
833,8333,0
834,8334,0
835,8335,0
836,8336,0
837,8337,0
838,8338,0
839,8339,0
840,8340,0
841,8341,0
842,8342,0
843,8343,1
844,8344,0
845,8345,0
846,8346,0
847,8347,0
848,8348,0
849,8349,0
850,8350,1
851,8351,0
852,8352,0
853,8353,0
854,8354,0
855,8355,0
856,8356,0
857,8357,0
858,8358,0
859,8359,0
860,8360,0
861,8361,0
862,8362,0
863,8363,0
864,8364,0
865,8365,0
866,8366,0
867,8367,0
868,8368,0
869,8369,0
870,8370,0
871,8371,1
872,8372,0
873,8373,0
874,8374,0
875,8375,0
876,8376,0
877,8377,0
878,8378,0
879,8379,0
880,8380,0
881,8381,0
882,8382,0
883,8383,0
884,8384,0
885,8385,0
886,8386,0
887,8387,0
888,8388,0
889,8389,0
890,8390,0
891,8391,0
892,8392,0
893,8393,0
894,8394,0
895,8395,0
896,8396,0
897,8397,0
898,8398,0
899,8399,0
900,8400,0
901,8401,0
902,8402,0
903,8403,0
904,8404,0
905,8405,0
906,8406,1
907,8407,0
908,8408,0
909,8409,0
910,8410,0
911,8411,0
912,8412,0
913,8413,0
914,8414,1
915,8415,0
916,8416,0
917,8417,0
918,8418,0
919,8419,1
920,8420,1
921,8421,1
922,8422,0
923,8423,0
924,8424,1
925,8425,0
926,8426,1
927,8427,0
928,8428,0
929,8429,0
930,8430,0
931,8431,0
932,8432,0
933,8433,0
934,8434,0
935,8435,0
936,8436,0
937,8437,0
938,8438,1
939,8439,0
940,8440,0
941,8441,0
942,8442,1
943,8443,0
944,8444,0
945,8445,0
946,8446,0
947,8447,0
948,8448,0
949,8449,0
950,8450,0
951,8451,0
952,8452,0
953,8453,0
954,8454,0
955,8455,0
956,8456,0
957,8457,0
958,8458,0
959,8459,0
960,8460,0
961,8461,0
962,8462,1
963,8463,0
964,8464,0
965,8465,1
966,8466,0
967,8467,0
968,8468,0
969,8469,0
970,8470,0
971,8471,0
972,8472,0
973,8473,0
974,8474,0
975,8475,0
976,8476,0
977,8477,0
978,8478,0
979,8479,0
980,8480,0
981,8481,0
982,8482,0
983,8483,1
984,8484,1
985,8485,0
986,8486,0
987,8487,1
988,8488,0
989,8489,0
990,8490,0
991,8491,0
992,8492,0
993,8493,0
994,8494,0
995,8495,1
996,8496,0
997,8497,0
998,8498,0
999,8499,0
1000,8500,0
1001,8501,0
1002,8502,0
1003,8503,0
1004,8504,0
1005,8505,0
1006,8506,0
1007,8507,0
1008,8508,0
1009,8509,0
1010,8510,0
1011,8511,1
1012,8512,0
1013,8513,0
1014,8514,0
1015,8515,0
1016,8516,0
1017,8517,0
1018,8518,1
1019,8519,0
1020,8520,0
1021,8521,1
1022,8522,0
1023,8523,0
1024,8524,0
1025,8525,0
1026,8526,0
1027,8527,0
1028,8528,0
1029,8529,0
1030,8530,0
1031,8531,0
1032,8532,0
1033,8533,0
1034,8534,0
1035,8535,0
1036,8536,0
1037,8537,0
1038,8538,0
1039,8539,1
1040,8540,0
1041,8541,0
1042,8542,0
1043,8543,0
1044,8544,0
1045,8545,0
1046,8546,0
1047,8547,0
1048,8548,0
1049,8549,0
1050,8550,0
1051,8551,0
1052,8552,0
1053,8553,0
1054,8554,0
1055,8555,0
1056,8556,0
1057,8557,0
1058,8558,0
1059,8559,0
1060,8560,0
1061,8561,0
1062,8562,0
1063,8563,0
1064,8564,0
1065,8565,0
1066,8566,0
1067,8567,0
1068,8568,0
1069,8569,1
1070,8570,0
1071,8571,0
1072,8572,0
1073,8573,0
1074,8574,0
1075,8575,1
1076,8576,0
1077,8577,0
1078,8578,0
1079,8579,0
1080,8580,0
1081,8581,0
1082,8582,0
1083,8583,1
1084,8584,0
1085,8585,0
1086,8586,0
1087,8587,0
1088,8588,0
1089,8589,0
1090,8590,0
1091,8591,0
1092,8592,0
1093,8593,0
1094,8594,0
1095,8595,0
1096,8596,0
1097,8597,0
1098,8598,0
1099,8599,0
1100,8600,0
1101,8601,1
1102,8602,0
1103,8603,0
1104,8604,0
1105,8605,0
1106,8606,0
1107,8607,0
1108,8608,0
1109,8609,0
1110,8610,0
1111,8611,0
1112,8612,0
1113,8613,0
1114,8614,0
1115,8615,0
1116,8616,0
1117,8617,0
1118,8618,0
1119,8619,0
1120,8620,0
1121,8621,0
1122,8622,0
1123,8623,0
1124,8624,0
1125,8625,0
1126,8626,0
1127,8627,0
1128,8628,0
1129,8629,0
1130,8630,0
1131,8631,0
1132,8632,0
1133,8633,0
1134,8634,0
1135,8635,0
1136,8636,1
1137,8637,0
1138,8638,0
1139,8639,0
1140,8640,0
1141,8641,0
1142,8642,0
1143,8643,0
1144,8644,0
1145,8645,0
1146,8646,0
1147,8647,0
1148,8648,0
1149,8649,0
1150,8650,0
1151,8651,0
1152,8652,0
1153,8653,0
1154,8654,0
1155,8655,0
1156,8656,0
1157,8657,0
1158,8658,0
1159,8659,0
1160,8660,0
1161,8661,0
1162,8662,0
1163,8663,0
1164,8664,0
1165,8665,0
1166,8666,1
1167,8667,0
1168,8668,0
1169,8669,0
1170,8670,0
1171,8671,0
1172,8672,0
1173,8673,0
1174,8674,1
1175,8675,0
1176,8676,1
1177,8677,1
1178,8678,0
1179,8679,0
1180,8680,0
1181,8681,0
1182,8682,0
1183,8683,0
1184,8684,0
1185,8685,0
1186,8686,0
1187,8687,0
1188,8688,0
1189,8689,0
1190,8690,1
1191,8691,0
1192,8692,0
1193,8693,0
1194,8694,1
1195,8695,0
1196,8696,0
1197,8697,0
1198,8698,0
1199,8699,0
1200,8700,0
1201,8701,0
1202,8702,0
1203,8703,0
1204,8704,1
1205,8705,0
1206,8706,0
1207,8707,0
1208,8708,0
1209,8709,0
1210,8710,0
1211,8711,0
1212,8712,1
1213,8713,0
1214,8714,0
1215,8715,0
1216,8716,0
1217,8717,0
1218,8718,0
1219,8719,0
1220,8720,0
1221,8721,0
1222,8722,0
1223,8723,0
1224,8724,0
1225,8725,0
1226,8726,0
1227,8727,1
1228,8728,0
1229,8729,0
1230,8730,0
1231,8731,0
1232,8732,0
1233,8733,0
1234,8734,0
1235,8735,0
1236,8736,0
1237,8737,0
1238,8738,0
1239,8739,0
1240,8740,0
1241,8741,1
1242,8742,0
1243,8743,0
1244,8744,0
1245,8745,0
1246,8746,0
1247,8747,0
1248,8748,1
1249,8749,0
1250,8750,0
1251,8751,0
1252,8752,0
1253,8753,0
1254,8754,0
1255,8755,1
1256,8756,0
1257,8757,0
1258,8758,0
1259,8759,0
1260,8760,0
1261,8761,0
1262,8762,0
1263,8763,0
1264,8764,0
1265,8765,0
1266,8766,0
1267,8767,0
1268,8768,0
1269,8769,0
1270,8770,0
1271,8771,0
1272,8772,1
1273,8773,0
1274,8774,0
1275,8775,0
1276,8776,0
1277,8777,0
1278,8778,0
1279,8779,0
1280,8780,0
1281,8781,0
1282,8782,0
1283,8783,1
1284,8784,0
1285,8785,0
1286,8786,0
1287,8787,0
1288,8788,1
1289,8789,0
1290,8790,0
1291,8791,0
1292,8792,0
1293,8793,0
1294,8794,0
1295,8795,0
1296,8796,0
1297,8797,0
1298,8798,0
1299,8799,0
1300,8800,0
1301,8801,0
1302,8802,0
1303,8803,0
1304,8804,0
1305,8805,0
1306,8806,0
1307,8807,0
1308,8808,0
1309,8809,0
1310,8810,1
1311,8811,1
1312,8812,0
1313,8813,0
1314,8814,1
1315,8815,0
1316,8816,0
1317,8817,0
1318,8818,0
1319,8819,0
1320,8820,0
1321,8821,0
1322,8822,0
1323,8823,0
1324,8824,0
1325,8825,0
1326,8826,0
1327,8827,0
1328,8828,0
1329,8829,0
1330,8830,0
1331,8831,0
1332,8832,0
1333,8833,0
1334,8834,0
1335,8835,0
1336,8836,0
1337,8837,0
1338,8838,0
1339,8839,0
1340,8840,0
1341,8841,0
1342,8842,0
1343,8843,0
1344,8844,0
1345,8845,0
1346,8846,1
1347,8847,0
1348,8848,0
1349,8849,1
1350,8850,1
1351,8851,0
1352,8852,0
1353,8853,1
1354,8854,0
1355,8855,0
1356,8856,0
1357,8857,0
1358,8858,0
1359,8859,0
1360,8860,0
1361,8861,0
1362,8862,0
1363,8863,1
1364,8864,0
1365,8865,0
1366,8866,0
1367,8867,0
1368,8868,1
1369,8869,0
1370,8870,0
1371,8871,0
1372,8872,0
1373,8873,0
1374,8874,0
1375,8875,0
1376,8876,0
1377,8877,0
1378,8878,0
1379,8879,0
1380,8880,0
1381,8881,0
1382,8882,0
1383,8883,0
1384,8884,0
1385,8885,0
1386,8886,0
1387,8887,0
1388,8888,0
1389,8889,0
1390,8890,0
1391,8891,0
1392,8892,0
1393,8893,0
1394,8894,0
1395,8895,0
1396,8896,0
1397,8897,0
1398,8898,0
1399,8899,0
1400,8900,0
1401,8901,0
1402,8902,0
1403,8903,0
1404,8904,0
1405,8905,0
1406,8906,0
1407,8907,0
1408,8908,0
1409,8909,0
1410,8910,0
1411,8911,0
1412,8912,0
1413,8913,0
1414,8914,0
1415,8915,0
1416,8916,0
1417,8917,0
1418,8918,0
1419,8919,0
1420,8920,0
1421,8921,0
1422,8922,0
1423,8923,0
1424,8924,0
1425,8925,1
1426,8926,0
1427,8927,0
1428,8928,0
1429,8929,0
1430,8930,1
1431,8931,0
1432,8932,0
1433,8933,0
1434,8934,0
1435,8935,0
1436,8936,0
1437,8937,0
1438,8938,1
1439,8939,0
1440,8940,0
1441,8941,1
1442,8942,0
1443,8943,0
1444,8944,0
1445,8945,0
1446,8946,0
1447,8947,0
1448,8948,0
1449,8949,0
1450,8950,0
1451,8951,0
1452,8952,0
1453,8953,0
1454,8954,0
1455,8955,0
1456,8956,0
1457,8957,0
1458,8958,0
1459,8959,0
1460,8960,0
1461,8961,0
1462,8962,0
1463,8963,0
1464,8964,0
1465,8965,0
1466,8966,0
1467,8967,0
1468,8968,0
1469,8969,0
1470,8970,0
1471,8971,0
1472,8972,0
1473,8973,0
1474,8974,0
1475,8975,0
1476,8976,1
1477,8977,0
1478,8978,0
1479,8979,0
1480,8980,0
1481,8981,1
1482,8982,0
1483,8983,0
1484,8984,0
1485,8985,0
1486,8986,0
1487,8987,0
1488,8988,0
1489,8989,0
1490,8990,0
1491,8991,0
1492,8992,0
1493,8993,0
1494,8994,0
1495,8995,0
1496,8996,0
1497,8997,0
1498,8998,0
1499,8999,0
1500,9000,1
1501,9001,0
1502,9002,0
1503,9003,0
1504,9004,0
1505,9005,0
1506,9006,0
1507,9007,0
1508,9008,1
1509,9009,0
1510,9010,0
1511,9011,0
1512,9012,0
1513,9013,0
1514,9014,0
1515,9015,0
1516,9016,0
1517,9017,0
1518,9018,0
1519,9019,0
1520,9020,0
1521,9021,0
1522,9022,0
1523,9023,0
1524,9024,0
1525,9025,0
1526,9026,0
1527,9027,0
1528,9028,0
1529,9029,0
1530,9030,0
1531,9031,0
1532,9032,0
1533,9033,0
1534,9034,0
1535,9035,0
1536,9036,0
1537,9037,0
1538,9038,0
1539,9039,0
1540,9040,0
1541,9041,0
1542,9042,0
1543,9043,0
1544,9044,0
1545,9045,0
1546,9046,0
1547,9047,1
1548,9048,0
1549,9049,0
1550,9050,0
1551,9051,0
1552,9052,0
1553,9053,0
1554,9054,0
1555,9055,0
1556,9056,0
1557,9057,0
1558,9058,0
1559,9059,0
1560,9060,1
1561,9061,1
1562,9062,0
1563,9063,1
1564,9064,0
1565,9065,0
1566,9066,1
1567,9067,0
1568,9068,0
1569,9069,0
1570,9070,0
1571,9071,0
1572,9072,0
1573,9073,1
1574,9074,0
1575,9075,0
1576,9076,1
1577,9077,0
1578,9078,0
1579,9079,0
1580,9080,0
1581,9081,0
1582,9082,0
1583,9083,0
1584,9084,0
1585,9085,1
1586,9086,0
1587,9087,0
1588,9088,0
1589,9089,1
1590,9090,0
1591,9091,0
1592,9092,0
1593,9093,0
1594,9094,0
1595,9095,0
1596,9096,0
1597,9097,0
1598,9098,0
1599,9099,0
1600,9100,0
1601,9101,0
1602,9102,0
1603,9103,0
1604,9104,0
1605,9105,0
1606,9106,1
1607,9107,0
1608,9108,0
1609,9109,0
1610,9110,0
1611,9111,0
1612,9112,0
1613,9113,0
1614,9114,0
1615,9115,0
1616,9116,0
1617,9117,0
1618,9118,0
1619,9119,0
1620,9120,0
1621,9121,0
1622,9122,0
1623,9123,0
1624,9124,0
1625,9125,0
1626,9126,0
1627,9127,0
1628,9128,0
1629,9129,1
1630,9130,1
1631,9131,0
1632,9132,1
1633,9133,0
1634,9134,0
1635,9135,0
1636,9136,0
1637,9137,0
1638,9138,0
1639,9139,0
1640,9140,0
1641,9141,0
1642,9142,0
1643,9143,0
1644,9144,0
1645,9145,0
1646,9146,0
1647,9147,0
1648,9148,0
1649,9149,0
1650,9150,0
1651,9151,0
1652,9152,0
1653,9153,0
1654,9154,0
1655,9155,0
1656,9156,0
1657,9157,0
1658,9158,0
1659,9159,0
1660,9160,0
1661,9161,0
1662,9162,0
1663,9163,0
1664,9164,0
1665,9165,1
1666,9166,0
1667,9167,0
1668,9168,0
1669,9169,0
1670,9170,0
1671,9171,0
1672,9172,0
1673,9173,0
1674,9174,0
1675,9175,0
1676,9176,0
1677,9177,0
1678,9178,1
1679,9179,0
1680,9180,0
1681,9181,0
1682,9182,0
1683,9183,0
1684,9184,0
1685,9185,0
1686,9186,0
1687,9187,0
1688,9188,0
1689,9189,0
1690,9190,0
1691,9191,0
1692,9192,0
1693,9193,1
1694,9194,0
1695,9195,0
1696,9196,0
1697,9197,0
1698,9198,0
1699,9199,1
1700,9200,0
1701,9201,0
1702,9202,0
1703,9203,0
1704,9204,0
1705,9205,0
1706,9206,0
1707,9207,0
1708,9208,0
1709,9209,0
1710,9210,0
1711,9211,0
1712,9212,0
1713,9213,0
1714,9214,0
1715,9215,0
1716,9216,0
1717,9217,0
1718,9218,0
1719,9219,0
1720,9220,0
1721,9221,0
1722,9222,0
1723,9223,0
1724,9224,0
1725,9225,1
1726,9226,1
1727,9227,0
1728,9228,0
1729,9229,0
1730,9230,0
1731,9231,0
1732,9232,0
1733,9233,0
1734,9234,1
1735,9235,0
1736,9236,0
1737,9237,0
1738,9238,0
1739,9239,0
1740,9240,0
1741,9241,0
1742,9242,0
1743,9243,0
1744,9244,0
1745,9245,0
1746,9246,0
1747,9247,0
1748,9248,0
1749,9249,0
1750,9250,1
1751,9251,0
1752,9252,0
1753,9253,0
1754,9254,0
1755,9255,0
1756,9256,0
1757,9257,0
1758,9258,0
1759,9259,0
1760,9260,0
1761,9261,0
1762,9262,0
1763,9263,1
1764,9264,0
1765,9265,0
1766,9266,0
1767,9267,0
1768,9268,0
1769,9269,0
1770,9270,0
1771,9271,0
1772,9272,0
1773,9273,0
1774,9274,0
1775,9275,0
1776,9276,0
1777,9277,0
1778,9278,0
1779,9279,1
1780,9280,0
1781,9281,0
1782,9282,0
1783,9283,0
1784,9284,0
1785,9285,0
1786,9286,0
1787,9287,0
1788,9288,0
1789,9289,0
1790,9290,1
1791,9291,0
1792,9292,0
1793,9293,0
1794,9294,0
1795,9295,0
1796,9296,0
1797,9297,0
1798,9298,0
1799,9299,0
1800,9300,0
1801,9301,0
1802,9302,0
1803,9303,0
1804,9304,1
1805,9305,0
1806,9306,0
1807,9307,0
1808,9308,0
1809,9309,1
1810,9310,0
1811,9311,0
1812,9312,0
1813,9313,0
1814,9314,0
1815,9315,0
1816,9316,0
1817,9317,0
1818,9318,0
1819,9319,0
1820,9320,1
1821,9321,1
1822,9322,0
1823,9323,0
1824,9324,0
1825,9325,0
1826,9326,0
1827,9327,0
1828,9328,0
1829,9329,0
1830,9330,0
1831,9331,0
1832,9332,0
1833,9333,0
1834,9334,0
1835,9335,0
1836,9336,0
1837,9337,0
1838,9338,0
1839,9339,0
1840,9340,0
1841,9341,0
1842,9342,0
1843,9343,0
1844,9344,1
1845,9345,0
1846,9346,0
1847,9347,1
1848,9348,0
1849,9349,0
1850,9350,0
1851,9351,0
1852,9352,0
1853,9353,0
1854,9354,0
1855,9355,0
1856,9356,0
1857,9357,0
1858,9358,0
1859,9359,1
1860,9360,0
1861,9361,0
1862,9362,0
1863,9363,1
1864,9364,0
1865,9365,0
1866,9366,0
1867,9367,0
1868,9368,0
1869,9369,0
1870,9370,0
1871,9371,0
1872,9372,0
1873,9373,0
1874,9374,0
1875,9375,0
1876,9376,0
1877,9377,1
1878,9378,0
1879,9379,0
1880,9380,0
1881,9381,0
1882,9382,0
1883,9383,0
1884,9384,0
1885,9385,0
1886,9386,0
1887,9387,0
1888,9388,0
1889,9389,0
1890,9390,0
1891,9391,0
1892,9392,0
1893,9393,0
1894,9394,0
1895,9395,0
1896,9396,0
1897,9397,0
1898,9398,0
1899,9399,0
1900,9400,0
1901,9401,0
1902,9402,0
1903,9403,0
1904,9404,0
1905,9405,0
1906,9406,0
1907,9407,0
1908,9408,0
1909,9409,0
1910,9410,0
1911,9411,0
1912,9412,0
1913,9413,0
1914,9414,1
1915,9415,0
1916,9416,1
1917,9417,0
1918,9418,0
1919,9419,0
1920,9420,0
1921,9421,0
1922,9422,0
1923,9423,0
1924,9424,0
1925,9425,0
1926,9426,0
1927,9427,0
1928,9428,0
1929,9429,0
1930,9430,0
1931,9431,0
1932,9432,0
1933,9433,0
1934,9434,0
1935,9435,0
1936,9436,0
1937,9437,0
1938,9438,0
1939,9439,0
1940,9440,0
1941,9441,0
1942,9442,0
1943,9443,0
1944,9444,0
1945,9445,0
1946,9446,0
1947,9447,0
1948,9448,0
1949,9449,0
1950,9450,0
1951,9451,0
1952,9452,0
1953,9453,0
1954,9454,0
1955,9455,1
1956,9456,0
1957,9457,0
1958,9458,0
1959,9459,0
1960,9460,0
1961,9461,0
1962,9462,0
1963,9463,0
1964,9464,0
1965,9465,0
1966,9466,0
1967,9467,0
1968,9468,0
1969,9469,0
1970,9470,0
1971,9471,0
1972,9472,0
1973,9473,0
1974,9474,0
1975,9475,0
1976,9476,0
1977,9477,0
1978,9478,0
1979,9479,0
1980,9480,0
1981,9481,0
1982,9482,0
1983,9483,0
1984,9484,0
1985,9485,0
1986,9486,0
1987,9487,0
1988,9488,0
1989,9489,0
1990,9490,0
1991,9491,0
1992,9492,0
1993,9493,0
1994,9494,0
1995,9495,0
1996,9496,0
1997,9497,0
1998,9498,0
1999,9499,0
2000,9500,1
2001,9501,1
2002,9502,0
2003,9503,0
2004,9504,0
2005,9505,1
2006,9506,1
2007,9507,0
2008,9508,0
2009,9509,0
2010,9510,0
2011,9511,0
2012,9512,0
2013,9513,0
2014,9514,0
2015,9515,0
2016,9516,0
2017,9517,0
2018,9518,0
2019,9519,0
2020,9520,0
2021,9521,0
2022,9522,0
2023,9523,0
2024,9524,0
2025,9525,0
2026,9526,0
2027,9527,0
2028,9528,0
2029,9529,0
2030,9530,0
2031,9531,0
2032,9532,0
2033,9533,0
2034,9534,0
2035,9535,0
2036,9536,0
2037,9537,0
2038,9538,0
2039,9539,0
2040,9540,0
2041,9541,0
2042,9542,0
2043,9543,0
2044,9544,0
2045,9545,0
2046,9546,0
2047,9547,1
2048,9548,0
2049,9549,1
2050,9550,0
2051,9551,0
2052,9552,0
2053,9553,0
2054,9554,0
2055,9555,0
2056,9556,0
2057,9557,0
2058,9558,0
2059,9559,0
2060,9560,0
2061,9561,0
2062,9562,0
2063,9563,0
2064,9564,0
2065,9565,0
2066,9566,0
2067,9567,0
2068,9568,0
2069,9569,0
2070,9570,0
2071,9571,0
2072,9572,0
2073,9573,0
2074,9574,0
2075,9575,0
2076,9576,0
2077,9577,0
2078,9578,1
2079,9579,0
2080,9580,0
2081,9581,0
2082,9582,0
2083,9583,0
2084,9584,0
2085,9585,0
2086,9586,0
2087,9587,0
2088,9588,0
2089,9589,0
2090,9590,0
2091,9591,1
2092,9592,0
2093,9593,0
2094,9594,0
2095,9595,0
2096,9596,0
2097,9597,0
2098,9598,0
2099,9599,0
2100,9600,0
2101,9601,0
2102,9602,0
2103,9603,0
2104,9604,0
2105,9605,0
2106,9606,0
2107,9607,0
2108,9608,0
2109,9609,0
2110,9610,0
2111,9611,0
2112,9612,0
2113,9613,0
2114,9614,0
2115,9615,0
2116,9616,0
2117,9617,0
2118,9618,0
2119,9619,0
2120,9620,0
2121,9621,0
2122,9622,0
2123,9623,0
2124,9624,0
2125,9625,0
2126,9626,0
2127,9627,0
2128,9628,0
2129,9629,0
2130,9630,0
2131,9631,0
2132,9632,0
2133,9633,1
2134,9634,0
2135,9635,0
2136,9636,0
2137,9637,0
2138,9638,1
2139,9639,0
2140,9640,0
2141,9641,0
2142,9642,0
2143,9643,1
2144,9644,0
2145,9645,0
2146,9646,0
2147,9647,0
2148,9648,0
2149,9649,0
2150,9650,0
2151,9651,0
2152,9652,0
2153,9653,0
2154,9654,0
2155,9655,0
2156,9656,0
2157,9657,0
2158,9658,0
2159,9659,0
2160,9660,1
2161,9661,0
2162,9662,0
2163,9663,0
2164,9664,0
2165,9665,0
2166,9666,0
2167,9667,0
2168,9668,0
2169,9669,0
2170,9670,1
2171,9671,0
2172,9672,0
2173,9673,0
2174,9674,0
2175,9675,0
2176,9676,0
2177,9677,0
2178,9678,0
2179,9679,0
2180,9680,0
2181,9681,0
2182,9682,0
2183,9683,0
2184,9684,0
2185,9685,0
2186,9686,0
2187,9687,0
2188,9688,0
2189,9689,0
2190,9690,0
2191,9691,0
2192,9692,0
2193,9693,0
2194,9694,0
2195,9695,0
2196,9696,0
2197,9697,0
2198,9698,0
2199,9699,0
2200,9700,0
2201,9701,0
2202,9702,0
2203,9703,0
2204,9704,0
2205,9705,0
2206,9706,1
2207,9707,0
2208,9708,0
2209,9709,0
2210,9710,0
2211,9711,0
2212,9712,0
2213,9713,0
2214,9714,0
2215,9715,0
2216,9716,0
2217,9717,0
2218,9718,0
2219,9719,0
2220,9720,0
2221,9721,0
2222,9722,0
2223,9723,0
2224,9724,0
2225,9725,0
2226,9726,0
2227,9727,0
2228,9728,0
2229,9729,0
2230,9730,0
2231,9731,0
2232,9732,1
2233,9733,0
2234,9734,0
2235,9735,0
2236,9736,0
2237,9737,0
2238,9738,0
2239,9739,0
2240,9740,0
2241,9741,0
2242,9742,0
2243,9743,0
2244,9744,0
2245,9745,0
2246,9746,0
2247,9747,0
2248,9748,0
2249,9749,0
2250,9750,0
2251,9751,0
2252,9752,0
2253,9753,0
2254,9754,0
2255,9755,0
2256,9756,0
2257,9757,1
2258,9758,0
2259,9759,0
2260,9760,0
2261,9761,0
2262,9762,1
2263,9763,0
2264,9764,0
2265,9765,0
2266,9766,0
2267,9767,0
2268,9768,0
2269,9769,0
2270,9770,0
2271,9771,0
2272,9772,0
2273,9773,0
2274,9774,0
2275,9775,1
2276,9776,0
2277,9777,0
2278,9778,0
2279,9779,0
2280,9780,0
2281,9781,0
2282,9782,1
2283,9783,0
2284,9784,0
2285,9785,0
2286,9786,0
2287,9787,0
2288,9788,0
2289,9789,0
2290,9790,0
2291,9791,0
2292,9792,0
2293,9793,0
2294,9794,0
2295,9795,0
2296,9796,0
2297,9797,0
2298,9798,0
2299,9799,0
2300,9800,0
2301,9801,0
2302,9802,0
2303,9803,0
2304,9804,0
2305,9805,0
2306,9806,0
2307,9807,0
2308,9808,0
2309,9809,0
2310,9810,0
2311,9811,0
2312,9812,0
2313,9813,0
2314,9814,0
2315,9815,0
2316,9816,0
2317,9817,0
2318,9818,0
2319,9819,0
2320,9820,0
2321,9821,0
2322,9822,0
2323,9823,0
2324,9824,0
2325,9825,0
2326,9826,0
2327,9827,0
2328,9828,0
2329,9829,0
2330,9830,0
2331,9831,0
2332,9832,0
2333,9833,0
2334,9834,0
2335,9835,0
2336,9836,0
2337,9837,0
2338,9838,0
2339,9839,0
2340,9840,0
2341,9841,0
2342,9842,0
2343,9843,0
2344,9844,0
2345,9845,0
2346,9846,0
2347,9847,0
2348,9848,0
2349,9849,0
2350,9850,0
2351,9851,0
2352,9852,0
2353,9853,1
2354,9854,1
2355,9855,0
2356,9856,0
2357,9857,0
2358,9858,0
2359,9859,0
2360,9860,0
2361,9861,0
2362,9862,0
2363,9863,0
2364,9864,0
2365,9865,0
2366,9866,0
2367,9867,0
2368,9868,0
2369,9869,0
2370,9870,0
2371,9871,0
2372,9872,0
2373,9873,0
2374,9874,0
2375,9875,0
2376,9876,0
2377,9877,0
2378,9878,1
2379,9879,1
2380,9880,1
2381,9881,0
2382,9882,0
2383,9883,0
2384,9884,0
2385,9885,0
2386,9886,1
2387,9887,0
2388,9888,0
2389,9889,0
2390,9890,0
2391,9891,0
2392,9892,0
2393,9893,0
2394,9894,0
2395,9895,0
2396,9896,0
2397,9897,0
2398,9898,0
2399,9899,0
2400,9900,0
2401,9901,0
2402,9902,0
2403,9903,0
2404,9904,0
2405,9905,0
2406,9906,1
2407,9907,0
2408,9908,0
2409,9909,0
2410,9910,0
2411,9911,0
2412,9912,0
2413,9913,0
2414,9914,0
2415,9915,0
2416,9916,0
2417,9917,0
2418,9918,0
2419,9919,0
2420,9920,0
2421,9921,0
2422,9922,0
2423,9923,0
2424,9924,0
2425,9925,0
2426,9926,0
2427,9927,0
2428,9928,1
2429,9929,0
2430,9930,0
2431,9931,0
2432,9932,0
2433,9933,0
2434,9934,0
2435,9935,0
2436,9936,0
2437,9937,0
2438,9938,0
2439,9939,0
2440,9940,0
2441,9941,0
2442,9942,0
2443,9943,0
2444,9944,0
2445,9945,0
2446,9946,0
2447,9947,0
2448,9948,0
2449,9949,1
2450,9950,0
2451,9951,0
2452,9952,0
2453,9953,0
2454,9954,0
2455,9955,0
2456,9956,0
2457,9957,0
2458,9958,0
2459,9959,0
2460,9960,0
2461,9961,0
2462,9962,0
2463,9963,0
2464,9964,0
2465,9965,1
2466,9966,0
2467,9967,0
2468,9968,0
2469,9969,0
2470,9970,1
2471,9971,0
2472,9972,1
2473,9973,0
2474,9974,0
2475,9975,0
2476,9976,0
2477,9977,1
2478,9978,0
2479,9979,0
2480,9980,0
2481,9981,0
2482,9982,0
2483,9983,0
2484,9984,0
2485,9985,0
2486,9986,0
2487,9987,0
2488,9988,0
2489,9989,0
2490,9990,0
2491,9991,0
2492,9992,0
2493,9993,0
2494,9994,0
2495,9995,0
2496,9996,0
2497,9997,0
2498,9998,0
2499,9999,1
